module_name,start_function_name,start_block_name,start_block_id,exit_function_name,exit_block_name,exit_block_id,branch_prob,start_path_index,end_path_index,is_start_entry
./PolyBenchC-4.2.1/stencils/seidel-2d/seidel-2d.c,main,entry,0,main,if.end,4,5.000000e-01,13,0,0
./PolyBenchC-4.2.1/stencils/seidel-2d/seidel-2d.c,main,entry,0,main,land.lhs.true,1,5.000000e-01,13,6,0
./PolyBenchC-4.2.1/stencils/seidel-2d/seidel-2d.c,main,entry,0,init_array,entry,5,1.000000e+00,13,9,0
./PolyBenchC-4.2.1/stencils/seidel-2d/seidel-2d.c,main,entry,0,kernel_seidel_2d,entry,14,1.000000e+00,13,12,0
./PolyBenchC-4.2.1/stencils/seidel-2d/seidel-2d.c,main,land.lhs.true,1,main,if.end,4,5.000000e-01,6,0,1
./PolyBenchC-4.2.1/stencils/seidel-2d/seidel-2d.c,main,land.lhs.true,1,main,lop.rhscnt,2,5.000000e-01,6,5,1
./PolyBenchC-4.2.1/stencils/seidel-2d/seidel-2d.c,main,lop.rhscnt,2,main,if.then,3,1.000000e+00,5,4,1
./PolyBenchC-4.2.1/stencils/seidel-2d/seidel-2d.c,main,if.then,3,main,if.end,4,1.000000e+00,4,0,1
./PolyBenchC-4.2.1/stencils/seidel-2d/seidel-2d.c,main,if.then,3,print_array,entry,27,1.000000e+00,4,3,1
./PolyBenchC-4.2.1/stencils/seidel-2d/seidel-2d.c,init_array,entry,5,init_array,for.cond,6,1.000000e+00,9,8,1
./PolyBenchC-4.2.1/stencils/seidel-2d/seidel-2d.c,init_array,for.cond,6,init_array,for.end10,13,5.000000e-01,8,7,1
./PolyBenchC-4.2.1/stencils/seidel-2d/seidel-2d.c,init_array,for.cond,6,init_array,for.body,7,5.000000e-01,8,8,1
./PolyBenchC-4.2.1/stencils/seidel-2d/seidel-2d.c,init_array,for.body,7,init_array,for.cond1,8,1.000000e+00,8,8,0
./PolyBenchC-4.2.1/stencils/seidel-2d/seidel-2d.c,init_array,for.cond1,8,init_array,for.end,11,5.000000e-01,8,8,0
./PolyBenchC-4.2.1/stencils/seidel-2d/seidel-2d.c,init_array,for.cond1,8,init_array,for.body3,9,5.000000e-01,8,8,0
./PolyBenchC-4.2.1/stencils/seidel-2d/seidel-2d.c,init_array,for.body3,9,init_array,for.inc,10,1.000000e+00,8,8,0
./PolyBenchC-4.2.1/stencils/seidel-2d/seidel-2d.c,init_array,for.inc,10,init_array,for.cond1,8,1.000000e+00,8,8,0
./PolyBenchC-4.2.1/stencils/seidel-2d/seidel-2d.c,init_array,for.end,11,init_array,for.inc8,12,1.000000e+00,8,8,0
./PolyBenchC-4.2.1/stencils/seidel-2d/seidel-2d.c,init_array,for.inc8,12,init_array,for.cond,6,1.000000e+00,8,8,0
./PolyBenchC-4.2.1/stencils/seidel-2d/seidel-2d.c,kernel_seidel_2d,entry,14,kernel_seidel_2d,for.cond,15,1.000000e+00,12,11,1
./PolyBenchC-4.2.1/stencils/seidel-2d/seidel-2d.c,kernel_seidel_2d,for.cond,15,kernel_seidel_2d,for.end71,26,5.000000e-01,11,10,1
./PolyBenchC-4.2.1/stencils/seidel-2d/seidel-2d.c,kernel_seidel_2d,for.cond,15,kernel_seidel_2d,for.body,16,5.000000e-01,11,11,1
./PolyBenchC-4.2.1/stencils/seidel-2d/seidel-2d.c,kernel_seidel_2d,for.body,16,kernel_seidel_2d,for.cond1,17,1.000000e+00,11,11,0
./PolyBenchC-4.2.1/stencils/seidel-2d/seidel-2d.c,kernel_seidel_2d,for.cond1,17,kernel_seidel_2d,for.end68,24,5.000000e-01,11,11,0
./PolyBenchC-4.2.1/stencils/seidel-2d/seidel-2d.c,kernel_seidel_2d,for.cond1,17,kernel_seidel_2d,for.body4,18,5.000000e-01,11,11,0
./PolyBenchC-4.2.1/stencils/seidel-2d/seidel-2d.c,kernel_seidel_2d,for.body4,18,kernel_seidel_2d,for.cond5,19,1.000000e+00,11,11,0
./PolyBenchC-4.2.1/stencils/seidel-2d/seidel-2d.c,kernel_seidel_2d,for.cond5,19,kernel_seidel_2d,for.end,22,5.000000e-01,11,11,0
./PolyBenchC-4.2.1/stencils/seidel-2d/seidel-2d.c,kernel_seidel_2d,for.cond5,19,kernel_seidel_2d,for.body8,20,5.000000e-01,11,11,0
./PolyBenchC-4.2.1/stencils/seidel-2d/seidel-2d.c,kernel_seidel_2d,for.body8,20,kernel_seidel_2d,for.inc,21,1.000000e+00,11,11,0
./PolyBenchC-4.2.1/stencils/seidel-2d/seidel-2d.c,kernel_seidel_2d,for.inc,21,kernel_seidel_2d,for.cond5,19,1.000000e+00,11,11,0
./PolyBenchC-4.2.1/stencils/seidel-2d/seidel-2d.c,kernel_seidel_2d,for.end,22,kernel_seidel_2d,for.inc66,23,1.000000e+00,11,11,0
./PolyBenchC-4.2.1/stencils/seidel-2d/seidel-2d.c,kernel_seidel_2d,for.inc66,23,kernel_seidel_2d,for.cond1,17,1.000000e+00,11,11,0
./PolyBenchC-4.2.1/stencils/seidel-2d/seidel-2d.c,kernel_seidel_2d,for.end68,24,kernel_seidel_2d,for.inc69,25,1.000000e+00,11,11,0
./PolyBenchC-4.2.1/stencils/seidel-2d/seidel-2d.c,kernel_seidel_2d,for.inc69,25,kernel_seidel_2d,for.cond,15,1.000000e+00,11,11,0
./PolyBenchC-4.2.1/stencils/seidel-2d/seidel-2d.c,print_array,entry,27,print_array,for.cond,28,1.000000e+00,3,2,1
./PolyBenchC-4.2.1/stencils/seidel-2d/seidel-2d.c,print_array,for.cond,28,print_array,for.end12,37,5.000000e-01,2,1,1
./PolyBenchC-4.2.1/stencils/seidel-2d/seidel-2d.c,print_array,for.cond,28,print_array,for.body,29,5.000000e-01,2,2,1
./PolyBenchC-4.2.1/stencils/seidel-2d/seidel-2d.c,print_array,for.body,29,print_array,for.cond2,30,1.000000e+00,2,2,0
./PolyBenchC-4.2.1/stencils/seidel-2d/seidel-2d.c,print_array,for.cond2,30,print_array,for.end,35,5.000000e-01,2,2,0
./PolyBenchC-4.2.1/stencils/seidel-2d/seidel-2d.c,print_array,for.cond2,30,print_array,for.body4,31,5.000000e-01,2,2,0
./PolyBenchC-4.2.1/stencils/seidel-2d/seidel-2d.c,print_array,for.body4,31,print_array,if.end,33,5.000000e-01,2,2,0
./PolyBenchC-4.2.1/stencils/seidel-2d/seidel-2d.c,print_array,for.body4,31,print_array,if.then,32,5.000000e-01,2,2,0
./PolyBenchC-4.2.1/stencils/seidel-2d/seidel-2d.c,print_array,if.then,32,print_array,if.end,33,1.000000e+00,2,2,0
./PolyBenchC-4.2.1/stencils/seidel-2d/seidel-2d.c,print_array,if.end,33,print_array,for.inc,34,1.000000e+00,2,2,0
./PolyBenchC-4.2.1/stencils/seidel-2d/seidel-2d.c,print_array,for.inc,34,print_array,for.cond2,30,1.000000e+00,2,2,0
./PolyBenchC-4.2.1/stencils/seidel-2d/seidel-2d.c,print_array,for.end,35,print_array,for.inc10,36,1.000000e+00,2,2,0
./PolyBenchC-4.2.1/stencils/seidel-2d/seidel-2d.c,print_array,for.inc10,36,print_array,for.cond,28,1.000000e+00,2,2,0
module_name,start_function_name,start_block_name,start_block_id,exit_function_name,exit_block_name,exit_block_id,branch_prob,start_path_index,end_path_index,is_start_entry
./PolyBenchC-4.2.1/utilities/polybench.c,polybench_flush_cache,entry,0,polybench_flush_cache,for.cond,1,1.000000e+00,5,4,1
./PolyBenchC-4.2.1/utilities/polybench.c,polybench_flush_cache,for.cond,1,polybench_flush_cache,for.end,4,5.000000e-01,4,3,1
./PolyBenchC-4.2.1/utilities/polybench.c,polybench_flush_cache,for.cond,1,polybench_flush_cache,for.body,2,5.000000e-01,4,4,1
./PolyBenchC-4.2.1/utilities/polybench.c,polybench_flush_cache,for.body,2,polybench_flush_cache,for.inc,3,1.000000e+00,4,4,0
./PolyBenchC-4.2.1/utilities/polybench.c,polybench_flush_cache,for.inc,3,polybench_flush_cache,for.cond,1,1.000000e+00,4,4,0
./PolyBenchC-4.2.1/utilities/polybench.c,polybench_flush_cache,for.end,4,polybench_flush_cache,if.else,6,5.000000e-01,3,0,1
./PolyBenchC-4.2.1/utilities/polybench.c,polybench_flush_cache,for.end,4,polybench_flush_cache,if.then,5,5.000000e-01,3,2,1
./PolyBenchC-4.2.1/utilities/polybench.c,polybench_flush_cache,if.then,5,polybench_flush_cache,if.end,7,1.000000e+00,2,1,1
./PolyBenchC-4.2.1/utilities/polybench.c,polybench_prepare_instruments,entry,8,polybench_flush_cache,entry,0,1.000000e+00,6,5,1
./PolyBenchC-4.2.1/utilities/polybench.c,polybench_timer_start,entry,9,polybench_prepare_instruments,entry,8,1.000000e+00,8,6,0
./PolyBenchC-4.2.1/utilities/polybench.c,polybench_timer_start,entry,9,rtclock,entry,19,1.000000e+00,8,7,0
./PolyBenchC-4.2.1/utilities/polybench.c,polybench_timer_stop,entry,10,rtclock,entry,19,1.000000e+00,9,7,0
./PolyBenchC-4.2.1/utilities/polybench.c,polybench_alloc_data,entry,13,xmalloc,entry,14,1.000000e+00,17,16,0
./PolyBenchC-4.2.1/utilities/polybench.c,xmalloc,entry,14,xmalloc,if.then,17,5.000000e-01,16,12,1
./PolyBenchC-4.2.1/utilities/polybench.c,xmalloc,entry,14,xmalloc,lor.lhs.false,15,5.000000e-01,16,15,1
./PolyBenchC-4.2.1/utilities/polybench.c,xmalloc,lor.lhs.false,15,xmalloc,if.then,17,5.000000e-01,15,12,1
./PolyBenchC-4.2.1/utilities/polybench.c,xmalloc,lor.lhs.false,15,xmalloc,lop.rhscnt,16,5.000000e-01,15,14,1
./PolyBenchC-4.2.1/utilities/polybench.c,xmalloc,lop.rhscnt,16,xmalloc,if.end,18,1.000000e+00,14,13,1
module_name,start_function_name,start_block_name,start_block_id,exit_function_name,exit_block_name,exit_block_id,branch_prob,start_path_index,end_path_index,is_start_entry
./objects//seidel-2d.pgo.merged.ll,main,entry,0,main,vector.ph,1,1.000000e+00,16,10,0
./objects//seidel-2d.pgo.merged.ll,main,entry,0,polybench_alloc_data,entry,28,1.000000e+00,16,15,0
./objects//seidel-2d.pgo.merged.ll,main,vector.ph,1,main,vector.body,2,1.000000e+00,10,10,1
./objects//seidel-2d.pgo.merged.ll,main,vector.body,2,main,for.inc8.i,3,2.004008e-03,10,10,0
./objects//seidel-2d.pgo.merged.ll,main,vector.body,2,main,vector.body,2,9.979960e-01,10,10,0
./objects//seidel-2d.pgo.merged.ll,main,for.inc8.i,3,main,init_array.exit,4,9.995000e-04,10,9,0
./objects//seidel-2d.pgo.merged.ll,main,for.inc8.i,3,main,vector.ph,1,9.990005e-01,10,10,0
./objects//seidel-2d.pgo.merged.ll,main,init_array.exit,4,main,land.lhs.true,5,3.333333e-01,9,5,1
./objects//seidel-2d.pgo.merged.ll,main,init_array.exit,4,main,if.end,7,6.666667e-01,9,0,1
./objects//seidel-2d.pgo.merged.ll,main,init_array.exit,4,kernel_seidel_2d,entry,8,1.000000e+00,9,8,1
./objects//seidel-2d.pgo.merged.ll,main,land.lhs.true,5,main,if.then,6,5.882274e-02,5,4,1
./objects//seidel-2d.pgo.merged.ll,main,land.lhs.true,5,main,if.end,7,9.411773e-01,5,0,1
./objects//seidel-2d.pgo.merged.ll,main,if.then,6,main,if.end,7,1.000000e+00,4,0,1
./objects//seidel-2d.pgo.merged.ll,main,if.then,6,print_array,entry,15,1.000000e+00,4,3,1
./objects//seidel-2d.pgo.merged.ll,kernel_seidel_2d,entry,8,kernel_seidel_2d,for.cond1.preheader,9,1.000000e+00,8,7,1
./objects//seidel-2d.pgo.merged.ll,kernel_seidel_2d,for.cond1.preheader,9,kernel_seidel_2d,for.cond5.preheader,10,1.000000e+00,7,7,1
./objects//seidel-2d.pgo.merged.ll,kernel_seidel_2d,for.cond5.preheader,10,kernel_seidel_2d,for.body8,11,1.000000e+00,7,7,0
./objects//seidel-2d.pgo.merged.ll,kernel_seidel_2d,for.body8,11,kernel_seidel_2d,for.inc66,12,5.005011e-04,7,7,0
./objects//seidel-2d.pgo.merged.ll,kernel_seidel_2d,for.body8,11,kernel_seidel_2d,for.body8,11,9.994995e-01,7,7,0
./objects//seidel-2d.pgo.merged.ll,kernel_seidel_2d,for.inc66,12,kernel_seidel_2d,for.inc69,13,5.015009e-04,7,7,0
./objects//seidel-2d.pgo.merged.ll,kernel_seidel_2d,for.inc66,12,kernel_seidel_2d,for.cond5.preheader,10,9.994985e-01,7,7,0
./objects//seidel-2d.pgo.merged.ll,kernel_seidel_2d,for.inc69,13,kernel_seidel_2d,for.end71,14,3.992016e-03,7,6,0
./objects//seidel-2d.pgo.merged.ll,kernel_seidel_2d,for.inc69,13,kernel_seidel_2d,for.cond1.preheader,9,9.960080e-01,7,7,0
./objects//seidel-2d.pgo.merged.ll,print_array,entry,15,print_array,for.cond2.preheader,16,1.000000e+00,3,2,1
./objects//seidel-2d.pgo.merged.ll,print_array,for.cond2.preheader,16,print_array,for.body4,17,1.000000e+00,2,2,1
./objects//seidel-2d.pgo.merged.ll,print_array,for.body4,17,print_array,if.then,18,5.000000e-01,2,2,0
./objects//seidel-2d.pgo.merged.ll,print_array,for.body4,17,print_array,if.end,19,5.000000e-01,2,2,0
./objects//seidel-2d.pgo.merged.ll,print_array,if.then,18,print_array,if.end,19,1.000000e+00,2,2,0
./objects//seidel-2d.pgo.merged.ll,print_array,if.end,19,print_array,for.inc10,20,3.404287e-01,2,2,0
./objects//seidel-2d.pgo.merged.ll,print_array,if.end,19,print_array,for.body4,17,6.595713e-01,2,2,0
./objects//seidel-2d.pgo.merged.ll,print_array,for.inc10,20,print_array,for.end12,21,2.012013e-03,2,1,0
./objects//seidel-2d.pgo.merged.ll,print_array,for.inc10,20,print_array,for.cond2.preheader,16,9.979880e-01,2,2,0
./objects//seidel-2d.pgo.merged.ll,polybench_alloc_data,entry,28,xmalloc,entry,29,1.000000e+00,15,14,1
./objects//seidel-2d.pgo.merged.ll,xmalloc,entry,29,xmalloc,if.then,32,2.777778e-01,14,11,1
./objects//seidel-2d.pgo.merged.ll,xmalloc,entry,29,xmalloc,entry,30,7.222222e-01,14,13,1
./objects//seidel-2d.pgo.merged.ll,xmalloc,entry,30,xmalloc,if.then,32,3.846154e-01,13,11,1
./objects//seidel-2d.pgo.merged.ll,xmalloc,entry,30,xmalloc,if.end,31,6.153846e-01,13,12,1
