module_name,start_comp,end_comp
./PolyBenchC-4.2.1/stencils/seidel-2d/seidel-2d.c,2,1
./PolyBenchC-4.2.1/stencils/seidel-2d/seidel-2d.c,3,2
./PolyBenchC-4.2.1/stencils/seidel-2d/seidel-2d.c,4,0
./PolyBenchC-4.2.1/stencils/seidel-2d/seidel-2d.c,4,3
./PolyBenchC-4.2.1/stencils/seidel-2d/seidel-2d.c,5,4
./PolyBenchC-4.2.1/stencils/seidel-2d/seidel-2d.c,6,0
./PolyBenchC-4.2.1/stencils/seidel-2d/seidel-2d.c,6,5
./PolyBenchC-4.2.1/stencils/seidel-2d/seidel-2d.c,8,7
./PolyBenchC-4.2.1/stencils/seidel-2d/seidel-2d.c,9,8
./PolyBenchC-4.2.1/stencils/seidel-2d/seidel-2d.c,11,10
./PolyBenchC-4.2.1/stencils/seidel-2d/seidel-2d.c,12,11
./PolyBenchC-4.2.1/stencils/seidel-2d/seidel-2d.c,13,0
./PolyBenchC-4.2.1/stencils/seidel-2d/seidel-2d.c,13,6
./PolyBenchC-4.2.1/stencils/seidel-2d/seidel-2d.c,13,9
./PolyBenchC-4.2.1/stencils/seidel-2d/seidel-2d.c,13,12
module_name,start_comp,end_comp
./PolyBenchC-4.2.1/utilities/polybench.c,2,1
./PolyBenchC-4.2.1/utilities/polybench.c,3,0
./PolyBenchC-4.2.1/utilities/polybench.c,3,2
./PolyBenchC-4.2.1/utilities/polybench.c,4,3
./PolyBenchC-4.2.1/utilities/polybench.c,5,4
./PolyBenchC-4.2.1/utilities/polybench.c,6,5
./PolyBenchC-4.2.1/utilities/polybench.c,8,6
./PolyBenchC-4.2.1/utilities/polybench.c,8,7
./PolyBenchC-4.2.1/utilities/polybench.c,9,7
./PolyBenchC-4.2.1/utilities/polybench.c,14,13
./PolyBenchC-4.2.1/utilities/polybench.c,15,12
./PolyBenchC-4.2.1/utilities/polybench.c,15,14
./PolyBenchC-4.2.1/utilities/polybench.c,16,12
./PolyBenchC-4.2.1/utilities/polybench.c,16,15
./PolyBenchC-4.2.1/utilities/polybench.c,17,16
module_name,start_comp,end_comp
./objects//seidel-2d.pgo.merged.ll,2,1
./objects//seidel-2d.pgo.merged.ll,3,2
./objects//seidel-2d.pgo.merged.ll,4,0
./objects//seidel-2d.pgo.merged.ll,4,3
./objects//seidel-2d.pgo.merged.ll,5,4
./objects//seidel-2d.pgo.merged.ll,5,0
./objects//seidel-2d.pgo.merged.ll,7,6
./objects//seidel-2d.pgo.merged.ll,8,7
./objects//seidel-2d.pgo.merged.ll,9,5
./objects//seidel-2d.pgo.merged.ll,9,0
./objects//seidel-2d.pgo.merged.ll,9,8
./objects//seidel-2d.pgo.merged.ll,10,9
./objects//seidel-2d.pgo.merged.ll,13,11
./objects//seidel-2d.pgo.merged.ll,13,12
./objects//seidel-2d.pgo.merged.ll,14,11
./objects//seidel-2d.pgo.merged.ll,14,13
./objects//seidel-2d.pgo.merged.ll,15,14
./objects//seidel-2d.pgo.merged.ll,16,10
./objects//seidel-2d.pgo.merged.ll,16,15
